{
  "no": {
    "A": 0.6038277391317087,
    "P": 0.7099072733828373,
    "R": 0.7017246741806134,
    "F1": 0.7000307891872183
  },
  "attribute": {
    "A": 0.9201736796115769,
    "P": 0.630961038961039,
    "R": 0.35755035093651494,
    "F1": 0.3664892878244422
  },
  "method": {
    "A": 0.8231478753170088,
    "P": 0.5167925859071664,
    "R": 0.24197544203340032,
    "F1": 0.2981982739013496
  },
  "class": {
    "A": 0.8964489482319742,
    "P": 0.5499547327089428,
    "R": 0.40162023106645073,
    "F1": 0.4066500616357304
  },
  "association": {
    "A": 0.9473859502398192,
    "P": 0.6678233744090522,
    "R": 0.4359876720791277,
    "F1": 0.4227669559376006
  },
  "generalization": { "A": 0.9954113336976299, "P": 0, "R": 0, "F1": 0 }
}
