{
  "2007 - ertms": {
    "A": 0.821185259662701,
    "P": 0.49645142524723673,
    "R": 0.10389452596474845,
    "F1": 0.1367617900394284
  },
  "2008 - vub": {
    "A": 0.8566552903510819,
    "P": 0.3899911816578483,
    "R": 0.2505454340980657,
    "F1": 0.29605532075321944
  },
  "SRS(MenuOrdering)": {
    "A": 0.8006926221961969,
    "P": 0.37679093058839896,
    "R": 0.22128685570646248,
    "F1": 0.2410056849744117
  },
  "2010 - split merge": {
    "A": 0.891726942215322,
    "P": 0.5399900248893538,
    "R": 0.2350021982145241,
    "F1": 0.28148435494694785
  },
  "retailer system": {
    "A": 0.9056561085972851,
    "P": 0.4910600255427841,
    "R": 0.6122222222222222,
    "F1": 0.5407407407407407
  },
  "2009 - library": {
    "A": 0.8563759015542788,
    "P": 0.43789635633607266,
    "R": 0.2658945381295612,
    "F1": 0.30858422550488074
  },
  "wdfw00797": {
    "A": 0.8341777753580947,
    "P": 0.5510204081632654,
    "R": 0.24782050813156806,
    "F1": 0.3051339042204034
  },
  "ONLINE SHOPPING": {
    "A": 0.9161971152871535,
    "P": 0.5071704213600333,
    "R": 0.5900106837606838,
    "F1": 0.522953216374269
  },
  "2009 - inventory 2.0": {
    "A": 0.8412932874618261,
    "P": 0.578916910331384,
    "R": 0.16225753030661763,
    "F1": 0.20561293927055138
  },
  "FINAL SRS": {
    "A": 0.8411272279591621,
    "P": 0.36118721461187214,
    "R": 0.1270336691033016,
    "F1": 0.17843527354873945
  },
  "2010 - mashboot": {
    "A": 0.8485331142120586,
    "P": 0.42067065725602304,
    "R": 0.477642513959226,
    "F1": 0.4086406484039355
  },
  "2009 - librarypdf": {
    "A": 0.8393824143045482,
    "P": 0.540758543798861,
    "R": 0.19102062562020114,
    "F1": 0.22080870605405759
  },
  "library paper": {
    "A": 0.8907819225251076,
    "P": 0.5476190476190476,
    "R": 0.6105664488017429,
    "F1": 0.5524971849914642
  },
  "hospital": {
    "A": 0.8555555555555555,
    "P": 0.08333333333333333,
    "R": 0.08333333333333333,
    "F1": 0.08333333333333333
  },
  "2009 - email": {
    "A": 0.833010764770426,
    "P": 0.30526315789473685,
    "R": 0.20520178962207947,
    "F1": 0.2307571194346957
  },
  "RAILWAY RESERVATION": {
    "A": 0.8770796919915494,
    "P": 0.4353864734299517,
    "R": 0.46263273763273766,
    "F1": 0.4482202580028667
  },
  "courses mgmt": {
    "A": 0.8646385097964746,
    "P": 0.3849815989350873,
    "R": 0.5375180375180375,
    "F1": 0.4322812446678146
  },
  "airport system": {
    "A": 0.9277032716697998,
    "P": 0.49225023342670404,
    "R": 0.5532714412024757,
    "F1": 0.5195422280168043
  },
  "2010 - gparted": {
    "A": 0.8278200709003928,
    "P": 0.25530389908256884,
    "R": 0.11673352889470347,
    "F1": 0.12499347666407039
  },
  "2013_ATM": {
    "A": 0.8825506480528134,
    "P": 0.3292199488491048,
    "R": 0.4088952219257822,
    "F1": 0.36468392193062793
  },
  "2009 - peazip": {
    "A": 0.8975505532250162,
    "P": 0.447633145909008,
    "R": 0.1671868215371255,
    "F1": 0.18651357209918104
  },
  "LMS": {
    "A": 0.8849381164669302,
    "P": 0.5641636141636142,
    "R": 0.5676406926406926,
    "F1": 0.5500020606456251
  },
  "2010 - home 1.3": {
    "A": 0.8635508890965911,
    "P": 0.5282258064516129,
    "R": 0.3035571285571286,
    "F1": 0.37090625776031444
  },
  "restaurant": {
    "A": 0.873097850781534,
    "P": 0.411809897921009,
    "R": 0.4780492898913951,
    "F1": 0.41681048061552084
  },
  "inventory": {
    "A": 0.8736484023247882,
    "P": 0.5091373505166609,
    "R": 0.4454870024490278,
    "F1": 0.46262811977142393
  },
  "2009 - video search": {
    "A": 0.8958951851953921,
    "P": 0.44728260869565223,
    "R": 0.33483115468409586,
    "F1": 0.37902046783625726
  },
  "2003 - pnnl": {
    "A": 0.8796267659180915,
    "P": 0.4043844367015099,
    "R": 0.2546466033181692,
    "F1": 0.3031932942938281
  },
  "2003 - qheadache": {
    "A": 0.7564261918236194,
    "P": 0.2609585741811175,
    "R": 0.06959314045984527,
    "F1": 0.10639412997903563
  },
  "2008 - keepass": {
    "A": 0.8602493761066862,
    "P": 0.611872003335418,
    "R": 0.1649530346561807,
    "F1": 0.21731232951497545
  },
  "2010 - fishing": {
    "A": 0.9145697675139104,
    "P": 0.3821662377533974,
    "R": 0.24593083115536038,
    "F1": 0.28470391295250047
  },
  "2010 - blit draft": {
    "A": 0.8778846524853008,
    "P": 0.47782587782587777,
    "R": 0.32546709671527546,
    "F1": 0.36894780471034544
  },
  "2009 - model manager": {
    "A": 0.8711948945321389,
    "P": 0.5659171075837742,
    "R": 0.2208040454444905,
    "F1": 0.257027157027157
  }
}
